{
    "cube": [
        0.9999995231628418,
        0.9999995231628418,
        1.0
    ],
    "cylinder": [
        1.0,
        1.0,
        1.0
    ],
    "sphere": [
        1.0,
        1.0,
        0.9999995231628418
    ],
    "cone": [
        1.0,
        1.0,
        1.0
    ],
    "bowling_pin": [
        0.3011188209056854,
        0.30576401948928833,
        1.0
    ],
    "truck": [
        0.3961726427078247,
        1.0,
        0.5148338675498962
    ],
    "boot": [
        0.3865237236022949,
        1.0,
        0.795421838760376
    ],
    "toy": [
        0.4749893546104431,
        0.5680645108222961,
        1.0
    ]
}